"sample","n_pairs","n_unique_epitope_top1","epitope_set_top1"
"RA01",2762,70,"AAQNVHFWKALNQL; ARSVFHFFRGTALL; DENPVVHFFKNIVTP; DQKSCFKSMITAGFEPVVIE; DRLLMLFAKDVVSRN; DVSKVHFFKGNGQT; EKPKVEAYKAAAAPA; ENPVVHFFKNIVAPR; ENPVVHFFKNIVTAR; ENPVVHFFKNIVTP; ENPVVHFFKNIVTPA; ENPVVHFFKNIVTPR; ENPVVHFFRNIVTPR; ENPVVHFHKNIVTPR; ENPVVHFWKNIVTPR; ENPVVHFYKNIVTPR; ENPVVHGFKNIVTPR; ENPVVHYFKNIVTPR; ENPVVIFFKNIVTPR; ENPVVLFFKNIVTPR; ENPVVMFFKNIVTPR; ENPVVRFFKNIVTPR; ENPVVVFFKNIVTPR; FGVKIHFFKQRNSL; FLKKFHFLKGATLC; FLTLRHKRPKAKYIIWPRID; FPQPQQPFPWQP + DEAM(Q5); FSWGAEGQRPGFG; GAHCIHFFKSAVCR; GVQSSKCMHLIQQGARVGRI; HENVVHFFKDGELV; HLIQQGARVGRIDAFVQSLD; HRAKLHFFKDENLK; IEAAIHFYKGLAVY; IIPAFHFLKSEKGL; ITREEKPAVTAAPKK; LNKNIHFFKNLPLP; LQPFPQPQLPY + DEAM(Q8); LQPFPQPQLPYPQ + DEAM(Q8); LSRFSWGAEGQRPGFGYGG; MNASIHFLKALETY; MVVQSELPYPE; NANVLHFLKNIICQ; NPQVIHFFKSLDLL; NPVVHFFKNIVTPRT; PFPQPQLPY + DEAM(Q6); PFPQPQLPYPQPQ + DEAM(Q6); PFSQQQQPVL + DEAM(Q4, Q6); PGSRPHLIRLFSRDA; PIPQQPQPYPQ + DEAM(Q4); PKAKYIIWPRIDQKSCFKSM; PMPMPELPYP; PQPQLPYPQ + DEAM(Q4); PQPQLPYPQPQ + DEAM(Q4, Q11); PQQPFPQPQQPFP + DEAM(Q9); PVVHFFKNIVTPRTP; QDENPVVHFFKNIVT; QLQPFPQPQLPY + DEAM(Q9); QPFPQPQQPFP + DEAM(Q7); QQYPSGQGSFQPSQQNPQ + DEAM(Q7, Q15); QRCRVHFMRNLYTAV; SANNIHFMRQSEIG; SEGSIHFFKADLLS; SGQGSFQPSQQNP + DEAM(Q3, Q11); STARVHFWRSRSSE; SVGKIHFFKMEVVS; SVSVIHFFKAPAAI; TAGFEPVVIENVLEGDELRT; VHFFKNIVTPRTP; YKHKIHFFKNEVLE"
"RA02",2667,73,"AAQNVHFWKALNQL; APSGEGSFQPSQENPQ; ARSVFHFFRGTALL; DENPVVHFFKNIVTP; DQKSCFKSMITAGFEPVVIE; DRLLMLFAKDVVSRN; DVSKVHFFKGNGQT; EKPKFEAYKAAAAPA; ENPAVHFFKNIVTPR; ENPVVHFFKAIVTPR; ENPVVHFFKDIVTPR; ENPVVHFFKNIVAPR; ENPVVHFFKNIVTAR; ENPVVHFFKNIVTP; ENPVVHFFKNIVTPA; ENPVVHFFKNIVTPR; ENPVVHFHKNIVTPR; ENPVVHFWKNIVTPR; ENPVVHFYKNIVTPR; ENPVVHGFKNIVTPR; ENPVVIFFKNIVTPR; ENPVVLFFKNIVTPR; ENPVVMFFKNIVTPR; ENPVVRFFKNIVTPR; ENPVVVFFKNIVTPR; FGVKIHFFKQRNSL; FLKKFHFLKGATLC; FLTLRHKRPKAKYIIWPRID; FPQPQQPFPWQP + DEAM(Q5); FSWGAEGQRPGFG; GAHCIHFFKSAVCR; GPQQSFPEQEA; GVQSSKCMHLIQQGARVGRI; HENVVHFFKDGELV; HLIQQGARVGRIDAFVQSLD; HRAKLHFFKDENLK; IEAAIHFYKGLAVY; IIPAFHFLKSEKGL; ITREEKPAVTAAPKK; LESVVHFLRGQKVT; LQPFPQPQLPY + DEAM(Q8); LQPFPQPQLPYPQ + DEAM(Q8); LSRFSWGAEGQRPGFGYGG; MNASIHFLKALETY; MVVQSELPYPE; NANVLHFLKNIICQ; NPQVIHFFKSLDLL; NPVVHFFKNIVTPRT; PFPQPQLPY + DEAM(Q6); PFPQPQLPYPQPQ + DEAM(Q6); PFSQQQQPVL + DEAM(Q4, Q6); PGSRPHLIRLFSRDA; PIPQQPQPYPQ + DEAM(Q4); PKAKYIIWPRIDQKSCFKSM; PMPMPELPYP; PQPQLPYPQ + DEAM(Q4); PQPQLPYPQPQ + DEAM(Q4, Q11); PQQPFPQPQQPFP + DEAM(Q9); PVVHFFKNIVTPRTP; QDENPVVHFFKNIVT; QLQPFPQPQLPY + DEAM(Q9); QPFPQPQQPFP + DEAM(Q7); RLSVVHFLRANAVS; SANNIHFMRQSEIG; SEGSIHFFKADLLS; SGQGSFQPSQQNP + DEAM(Q3, Q11); SLGNIHFFKSEVVR; STARVHFWRSRSSE; SVGKIHFFKMEVVS; SVSVIHFFKAPAAI; TAGFEPVVIENVLEGDELRT; VHFFKNIVTPRTP; YKHKIHFFKNEVLE"
"RA03",2167,66,"AAQNVHFWKALNQL; APSGEGSFQPSQENPQ; ATDTTSGTYKYIFGTGTRLKVLA; DQKSCFKSMITAGFEPVVIE; DRLLMLFAKDVVSRN; DVSKVHFFKGNGQT; ENPVVHFFKNIVAPR; ENPVVHFFKNIVTAR; ENPVVHFFKNIVTP; ENPVVHFFKNIVTPA; ENPVVHFFKNIVTPR; ENPVVHFFRNIVTPR; ENPVVHFHKNIVTPR; ENPVVHFIKNIVTPR; ENPVVHFWKNIVTPR; ENPVVHFYKNIVTPR; ENPVVHGFKNIVTPR; ENPVVIFFKNIVTPR; ENPVVLFFKNIVTPR; ENPVVMFFKNIVTPR; ENPVVTFFKNIVTPR; FGVKIHFFKQRNSL; FLKKFHFLKGATLC; FLTLRHKRPKAKYIIWPRID; FPQPQQPFPWQP + DEAM(Q5); FSWGAEGQRPGFG; GAHCIHFFKSAVCR; GVQSSKCMHLIQQGARVGRI; HENVVHFFKDGELV; HLIQQGARVGRIDAFVQSLD; HRAKLHFFKDENLK; IEAAIHFYKGLAVY; IIPAFHFLKSEKGL; ITREEKPAVTAAPKK; LQPFPQPQLPY + DEAM(Q8); LQPFPQPQLPYPQ + DEAM(Q8); LSRFSWGAEGQRPGFGYGG; MNASIHFLKALETY; MVVQSELPYPE; NANVLHFLKNIICQ; NPQVIHFFKSLDLL; NPVVHFFKNIVTPRT; PFPQPQLPY + DEAM(Q6); PFPQPQLPYPQPQ + DEAM(Q6); PFSQQQQPVL + DEAM(Q4, Q6); PIPQQPQPYPQ + DEAM(Q4); PKAKYIIWPRIDQKSCFKSM; PMPMPELPYP; PQPQLPYPQ + DEAM(Q4); PQPQLPYPQPQ + DEAM(Q4, Q11); PQQPFPQPQQPFP + DEAM(Q9); PVVHFFKNIVTPRTP; QDENPVVHFFKNIVT; QLQPFPQPQLPY + DEAM(Q9); RLSVVHFLRANAVS; SANNIHFMRQSEIG; SEGSIHFFKADLLS; SGQGSFQPSQQNP + DEAM(Q3, Q11); SLGNIHFFKSEVVR; STARVHFWRSRSSE; SVGKIHFFKMEVVS; SVSVIHFFKAPAAI; TAGFEPVVIENVLEGDELRT; TLDISNNRLESLPAH; VHFFKNIVTPRTP; YKHKIHFFKNEVLE"
"RA04",2453,68,"AAQNVHFWKALNQL; APSGEGSFQPSQENPQ; ARSVFHFFRGTALL; DQKSCFKSMITAGFEPVVIE; DRLLMLFAKDVVSRN; DVSKVHFFKGNGQT; ENPVVHFFKNIVAPR; ENPVVHFFKNIVTAR; ENPVVHFFKNIVTP; ENPVVHFFKNIVTPA; ENPVVHFFKNIVTPR; ENPVVHFHKNIVTPR; ENPVVHFWKNIVTPR; ENPVVHFYKNIVTPR; ENPVVHGFKNIVTPR; ENPVVIFFKNIVTPR; ENPVVLFFKNIVTPR; ENPVVMFFKNIVTPR; ENPVVRFFKNIVTPR; ENPVVVFFKNIVTPR; FGVKIHFFKQRNSL; FLKKFHFLKGATLC; FLTLRHKRPKAKYIIWPRID; FPQPQQPFPWQP + DEAM(Q5); FSWGAEGQRPGFG; GAHCIHFFKSAVCR; GPQQSFPEQEA; GVQSSKCMHLIQQGARVGRI; HENVVHFFKDGELV; HLIQQGARVGRIDAFVQSLD; HRAKLHFFKDENLK; IEAAIHFYKGLAVY; IIPAFHFLKSEKGL; ITREEKPAVTAAPKK; KCMHLIQQGARVGRIDAFVQ; LQPFPQPQLPY + DEAM(Q8); LQPFPQPQLPYPQ + DEAM(Q8); LSRFSWGAEGQRPGFGYGG; MHGNWHFFRNFLSN; MNASIHFLKALETY; MVVQSELPYPE; NANVLHFLKNIICQ; NPQVIHFFKSLDLL; NPVVHFFKNIVTPRT; PFPQPQLPY + DEAM(Q6); PFPQPQLPYPQPQ + DEAM(Q6); PFSQQQQPVL + DEAM(Q4, Q6); PGSRPHLIRLFSRDA; PIPQQPQPYPQ + DEAM(Q4); PKAKYIIWPRIDQKSCFKSM; PMPMPELPYP; PQPQLPYPQ + DEAM(Q4); PQQPFPQPQQPFP + DEAM(Q9); PVVHFFKNIVTPRTP; QDENPVVHFFKNIVT; QLQPFPQPQLPY + DEAM(Q9); QQYPSGQGSFQPSQQNPQ + DEAM(Q7, Q15); SANNIHFMRQSEIG; SEGSIHFFKADLLS; SGQGSFQPSQQNP + DEAM(Q3, Q11); SLGNIHFFKSEVVR; STARVHFWRSRSSE; SVGKIHFFKMEVVS; SVSVIHFFKAPAAI; TAGFEPVVIENVLEGDELRT; TLDISNNRLESLPAH; VHFFKNIVTPRTP; YKHKIHFFKNEVLE"
"RA05",1968,64,"APSGEGSFQPSQENPQ; ARSVFHFFRGTALL; DQKSCFKSMITAGFEPVVIE; DRLLMLFAKDVVSRN; DVSKVHFFKGNGQT; ENPAVHFFKNIVTPR; ENPVVHFFKDIVTPR; ENPVVHFFKNIVAPR; ENPVVHFFKNIVTAR; ENPVVHFFKNIVTP; ENPVVHFFKNIVTPA; ENPVVHFFKNIVTPR; ENPVVHFHKNIVTPR; ENPVVHFWKNIVTPR; ENPVVHFYKNIVTPR; ENPVVIFFKNIVTPR; ENPVVLFFKNIVTPR; ENPVVMFFKNIVTPR; ENPVVRFFKNIVTPR; FLKKFHFLKGATLC; FLTLRHKRPKAKYIIWPRID; FPQPQQPFPWQP + DEAM(Q5); FSWGAEGQRPGFG; GAHCIHFFKSAVCR; GVQSSKCMHLIQQGARVGRI; HENVVHFFKDGELV; HLIQQGARVGRIDAFVQSLD; HRAKLHFFKDENLK; IEAAIHFYKGLAVY; IIPAFHFLKSEKGL; ITREEKPAVTAAPKK; LQPFPQPQLPY + DEAM(Q8); LQPFPQPQLPYPQ + DEAM(Q8); LSRFSWGAEGQRPGFGYGG; MHGNWHFFRNFLSN; MNASIHFLKALETY; MVVQSELPYPE; NANVLHFLKNIICQ; NPQVIHFFKSLDLL; NPVVHFFKNIVTPRT; PFPQPQLPY + DEAM(Q6); PFPQPQLPYPQPQ + DEAM(Q6); PFSQQQQPVL + DEAM(Q4, Q6); PGSRPHLIRLFSRDA; PIPQQPQPYPQ + DEAM(Q4); PKAKYIIWPRIDQKSCFKSM; PMPMPELPYP; PQPQLPYPQ + DEAM(Q4); PQQPFPQPQQPFP + DEAM(Q9); PVVHFFKNIVTPRTP; QDENPVVHFFKNIVT; QLQPFPQPQLPY + DEAM(Q9); QPPFSQQQQPVL + DEAM(Q6, Q8); QQYPSGQGSFQPSQQNPQ + DEAM(Q7, Q15); RLSVVHFLRANAVS; SANNIHFMRQSEIG; SEGSIHFFKADLLS; SGQGSFQPSQQNP + DEAM(Q3, Q11); SVGKIHFFKMEVVS; SVSVIHFFKAPAAI; TAGFEPVVIENVLEGDELRT; TLDISNNRLESLPAH; VHFFKNIVTPRTP; YKHKIHFFKNEVLE"
"RA06",4120,75,"AAQNVHFWKALNQL; APSGEGSFQPSQENPQ; ARSVFHFFRGTALL; DQKSCFKSMITAGFEPVVIE; DRLLMLFAKDVVSRN; DVSKVHFFKGNGQT; ENAVVHFFKNIVTPR; ENPVVHFFKDIVTPR; ENPVVHFFKNIVAPR; ENPVVHFFKNIVTAR; ENPVVHFFKNIVTP; ENPVVHFFKNIVTPA; ENPVVHFFKNIVTPR; ENPVVHFFRNIVTPR; ENPVVHFHKNIVTPR; ENPVVHFWKNIVTPR; ENPVVHFYKNIVTPR; ENPVVHGFKNIVTPR; ENPVVIFFKNIVTPR; ENPVVLFFKNIVTPR; ENPVVMFFKNIVTPR; ENPVVNFFKNIVTPR; ENPVVVFFKNIVTPR; ENPVVWFFKNIVTPR; FGVKIHFFKQRNSL; FLKKFHFLKGATLC; FLTLRHKRPKAKYIIWPRID; FPQPQQPFPWQP + DEAM(Q5); FSWGAEGQRPGFG; GAHCIHFFKSAVCR; GVQSSKCMHLIQQGARVGRI; HENVVHFFKDGELV; HLIQQGARVGRIDAFVQSLD; HMLSFHFWKSRGQT; HRAKLHFFKDENLK; IEAAIHFYKGLAVY; IIPAFHFLKSEKGL; ITREEKPAVTAAPKK; KCMHLIQQGARVGRIDAFVQ; LESVVHFLRGQKVT; LNKNIHFFKNLPLP; LQPFPQPQLPY + DEAM(Q8); LQPFPQPQLPYPQ + DEAM(Q8); LSRFSWGAEGQRPGFGYGG; MNASIHFLKALETY; MVVQSELPYPE; NANVLHFLKNIICQ; NPQVIHFFKSLDLL; NPVVHFFKNIVTPRT; PFPQPQLPY + DEAM(Q6); PFPQPQLPYPQPQ + DEAM(Q6); PFSQQQQPVL + DEAM(Q4, Q6); PGSRPHLIRLFSRDA; PIPQQPQPYPQ + DEAM(Q4); PKAKYIIWPRIDQKSCFKSM; PMPMPELPYP; PQPQLPYPQ + DEAM(Q4); PQPQLPYPQPQ + DEAM(Q4, Q11); PQQPFPQPQQPFP + DEAM(Q9); PVVHFFKNIVTPRTP; QDENPVVHFFKNIVT; QLQPFPQPQLPY + DEAM(Q9); QPFPQPQQPFP + DEAM(Q7); QQYPSGQGSFQPSQQNPQ + DEAM(Q7, Q15); RLSVVHFLRANAVS; SANNIHFMRQSEIG; SEGSIHFFKADLLS; SGQGSFQPSQQNP + DEAM(Q3, Q11); SLGNIHFFKSEVVR; STARVHFWRSRSSE; SVGKIHFFKMEVVS; SVSVIHFFKAPAAI; TAGFEPVVIENVLEGDELRT; VHFFKNIVTPRTP; YKHKIHFFKNEVLE"
"RA07",1335,66,"AAQNVHFWKALNQL; APSGEGSFQPSQENPQ; DQKSCFKSMITAGFEPVVIE; DRLLMLFAKDVVSRN; DVSKVHFFKGNGQT; ENPAVHFFKNIVTPR; ENPVVHFFKNIVAPR; ENPVVHFFKNIVTAR; ENPVVHFFKNIVTP; ENPVVHFFKNIVTPA; ENPVVHFFKNIVTPR; ENPVVHFHKNIVTPR; ENPVVHFWKNIVTPR; ENPVVHFYKNIVTPR; ENPVVHGFKNIVTPR; ENPVVIFFKNIVTPR; ENPVVLFFKNIVTPR; ENPVVMFFKNIVTPR; ENPVVNFFKNIVTPR; ENPVVVFFKNIVTPR; FGVKIHFFKQRNSL; FLKKFHFLKGATLC; FLTLRHKRPKAKYIIWPRID; FPQPQQPFPWQP + DEAM(Q5); FSWGAEGQRPGFG; GAHCIHFFKSAVCR; GPQQSFPEQEA; GVQSSKCMHLIQQGARVGRI; HLIQQGARVGRIDAFVQSLD; HRAKLHFFKDENLK; IEAAIHFYKGLAVY; IIPAFHFLKSEKGL; ITREEKPAVTAAPKK; LESVVHFLRGQKVT; LNKNIHFFKNLPLP; LQPFPQPQLPY + DEAM(Q8); LQPFPQPQLPYPQ + DEAM(Q8); LSRFSWGAEGQRPGFGYGG; MNASIHFLKALETY; MVVQSELPYPE; NANVLHFLKNIICQ; NPQVIHFFKSLDLL; NPVVHFFKNIVTPRT; PFPQPQLPYPQPQ + DEAM(Q6); PFSQQQQPVL + DEAM(Q4, Q6); PGSRPHLIRLFSRDA; PIPQQPQPYPQ + DEAM(Q4); PKAKYIIWPRIDQKSCFKSM; PMPMPELPYP; PQPQLPYPQ + DEAM(Q4); PQPQLPYPQPQ + DEAM(Q4, Q11); PQQPFPQPQQPFP + DEAM(Q9); PVVHFFKNIVTPRTP; QDENPVVHFFKNIVT; QLQPFPQPQLPY + DEAM(Q9); RLSVVHFLRANAVS; SANNIHFMRQSEIG; SEGSIHFFKADLLS; SGQGSFQPSQQNP + DEAM(Q3, Q11); SLGNIHFFKSEVVR; STARVHFWRSRSSE; SVGKIHFFKMEVVS; SVSVIHFFKAPAAI; TAGFEPVVIENVLEGDELRT; VHFFKNIVTPRTP; YKHKIHFFKNEVLE"
"RA11",2294,75,"AAQNVHFWKALNQL; APSGEGSFQPSQENPQ; ARSVFHFFRGTALL; ATDTTSGTYKYIFGTGTRLKVLA; DENPVVHFFKNIVTP; DQKSCFKSMITAGFEPVVIE; DRLLMLFAKDVVSRN; DVSKVHFFKGNGQT; ENAVVHFFRSLVSS; ENPVVHFFKDIVTPR; ENPVVHFFKNIVAPR; ENPVVHFFKNIVTAR; ENPVVHFFKNIVTP; ENPVVHFFKNIVTPA; ENPVVHFFKNIVTPR; ENPVVHFFRNIVTPR; ENPVVHFHKNIVTPR; ENPVVHFIKNIVTPR; ENPVVHFWKNIVTPR; ENPVVHFYKNIVTPR; ENPVVIFFKNIVTPR; ENPVVLFFKNIVTPR; ENPVVMFFKNIVTPR; ENPVVNFFKNIVTPR; ENPVVRFFKNIVTPR; ENPVVVFFKNIVTPR; FGVKIHFFKQRNSL; FLKKFHFLKGATLC; FLTLRHKRPKAKYIIWPRID; FPQPQQPFPWQP + DEAM(Q5); FSWGAEGQRPGFG; GAHCIHFFKSAVCR; GPQQSFPEQEA; GVQSSKCMHLIQQGARVGRI; HENVVHFFKDGELV; HLIQQGARVGRIDAFVQSLD; HMLSFHFWKSRGQT; HRAKLHFFKDENLK; IEAAIHFYKGLAVY; IIPAFHFLKSEKGL; ITREEKPAVTAAPKK; KCMHLIQQGARVGRIDAFVQ; LESVVHFLRGQKVT; LNKNIHFFKNLPLP; LQPFPQPQLPY + DEAM(Q8); LQPFPQPQLPYPQ + DEAM(Q8); LSRFSWGAEGQRPGFGYGG; MNASIHFLKALETY; MVVQSELPYPE; NANVLHFLKNIICQ; NPQVIHFFKSLDLL; NPVVHFFKNIVTPRT; PFPQPQLPYPQPQ + DEAM(Q6); PFSQQQQPVL + DEAM(Q4, Q6); PGSRPHLIRLFSRDA; PIPQQPQPYPQ + DEAM(Q4); PKAKYIIWPRIDQKSCFKSM; PMPMPELPYP; PQPQLPYPQ + DEAM(Q4); PQPQLPYPQPQ + DEAM(Q4, Q11); PQQPFPQPQQPFP + DEAM(Q9); PVVHFFKNIVTPRTP; QDENPVVHFFKNIVT; QLQPFPQPQLPY + DEAM(Q9); QQYPSGQGSFQPSQQNPQ + DEAM(Q7, Q15); RLSVVHFLRANAVS; SANNIHFMRQSEIG; SEGSIHFFKADLLS; SGQGSFQPSQQNP + DEAM(Q3, Q11); STARVHFWRSRSSE; SVGKIHFFKMEVVS; SVSVIHFFKAPAAI; TAGFEPVVIENVLEGDELRT; VHFFKNIVTPRTP; YKHKIHFFKNEVLE"
"RA12",3090,72,"AAQNVHFWKALNQL; ARSVFHFFRGTALL; ATDTTSGTYKYIFGTGTRLKVLA; DENPVVHFFKNIVTP; DQKSCFKSMITAGFEPVVIE; DRLLMLFAKDVVSRN; DVSKVHFFKGNGQT; ENPVAHFFKNIVTPR; ENPVVHFFKDIVTPR; ENPVVHFFKNIVAPR; ENPVVHFFKNIVTAR; ENPVVHFFKNIVTP; ENPVVHFFKNIVTPA; ENPVVHFFKNIVTPR; ENPVVHFFRNIVTPR; ENPVVHFHKNIVTPR; ENPVVHFVKNIVTPR; ENPVVHFWKNIVTPR; ENPVVHFYKNIVTPR; ENPVVHGFKNIVTPR; ENPVVHYFKNIVTPR; ENPVVIFFKNIVTPR; ENPVVLFFKNIVTPR; ENPVVMFFKNIVTPR; ENPVVNFFKNIVTPR; ENPVVTFFKNIVTPR; ENPVVVFFKNIVTPR; FLKKFHFLKGATLC; FLTLRHKRPKAKYIIWPRID; FPQPQQPFPWQP + DEAM(Q5); FSWGAEGQRPGFG; GAHCIHFFKSAVCR; GPQQSFPEQEA; GVQSSKCMHLIQQGARVGRI; HLIQQGARVGRIDAFVQSLD; HMLSFHFWKSRGQT; HRAKLHFFKDENLK; IEAAIHFYKGLAVY; IIPAFHFLKSEKGL; ITREEKPAVTAAPKK; LESVVHFLRGQKVT; LQPFPQPQLPY + DEAM(Q8); LQPFPQPQLPYPQ + DEAM(Q8); LSRFSWGAEGQRPGFGYGG; MNASIHFLKALETY; MVVQSELPYPE; NANVLHFLKNIICQ; NPQVIHFFKSLDLL; NPVVHFFKNIVTPRT; PFPQPQLPY + DEAM(Q6); PFPQPQLPYPQPQ + DEAM(Q6); PFSQQQQPVL + DEAM(Q4, Q6); PGSRPHLIRLFSRDA; PIPQQPQPYPQ + DEAM(Q4); PKAKYIIWPRIDQKSCFKSM; PMPMPELPYP; PQPQLPYPQ + DEAM(Q4); PQPQLPYPQPQ + DEAM(Q4, Q11); PQQPFPQPQQPFP + DEAM(Q9); PVVHFFKNIVTPRTP; QDENPVVHFFKNIVT; QLQPFPQPQLPY + DEAM(Q9); RLSVVHFLRANAVS; SANNIHFMRQSEIG; SEGSIHFFKADLLS; SGQGSFQPSQQNP + DEAM(Q3, Q11); STARVHFWRSRSSE; SVGKIHFFKMEVVS; SVSVIHFFKAPAAI; TAGFEPVVIENVLEGDELRT; VHFFKNIVTPRTP; YKHKIHFFKNEVLE"
"RA13",2160,69,"ARSVFHFFRGTALL; DENPVVHFFKNIVTP; DQKSCFKSMITAGFEPVVIE; DRLLMLFAKDVVSRN; DVSKVHFFKGNGQT; ENPVVHFFKNIVAPR; ENPVVHFFKNIVTAR; ENPVVHFFKNIVTP; ENPVVHFFKNIVTPA; ENPVVHFFKNIVTPR; ENPVVHFFRNIVTPR; ENPVVHFHKNIVTPR; ENPVVHFWKNIVTPR; ENPVVHFYKNIVTPR; ENPVVHYFKNIVTPR; ENPVVIFFKNIVTPR; ENPVVLFFKNIVTPR; ENPVVMFFKNIVTPR; ENPVVRFFKNIVTPR; ENPVVVFFKNIVTPR; FGVKIHFFKQRNSL; FLKKFHFLKGATLC; FLTLRHKRPKAKYIIWPRID; FPQPQQPFPWQP + DEAM(Q5); FSWGAEGQRPGFG; GAHCIHFFKSAVCR; GVQSSKCMHLIQQGARVGRI; HENVVHFFKDGELV; HLIQQGARVGRIDAFVQSLD; HRAKLHFFKDENLK; IEAAIHFYKGLAVY; IIPAFHFLKSEKGL; ITREEKPAVTAAPKK; KCMHLIQQGARVGRIDAFVQ; LESVVHFLRGQKVT; LQPFPQPQLPY + DEAM(Q8); LQPFPQPQLPYPQ + DEAM(Q8); LSRFSWGAEGQRPGFGYGG; MNASIHFLKALETY; MVVQSELPYPE; NANVLHFLKNIICQ; NPQVIHFFKSLDLL; NPVVHFFKNIVTPRT; PFPQPQLPYPQPQ + DEAM(Q6); PFSQQQQPVL + DEAM(Q4, Q6); PGSRPHLIRLFSRDA; PIPQQPQPYPQ + DEAM(Q4); PKAKYIIWPRIDQKSCFKSM; PMPMPELPYP; PQPQLPYPQ + DEAM(Q4); PQPQLPYPQPQ + DEAM(Q4, Q11); PQQPFPQPQQPFP + DEAM(Q9); PVVHFFKNIVTPRTP; QDENPVVHFFKNIVT; QLQPFPQPQLPY + DEAM(Q9); QPFPQPQQPFP + DEAM(Q7); QQYPSGQGSFQPSQQNPQ + DEAM(Q7, Q15); RLSVVHFLRANAVS; SANNIHFMRQSEIG; SEGSIHFFKADLLS; SGQGSFQPSQQNP + DEAM(Q3, Q11); SLGNIHFFKSEVVR; STARVHFWRSRSSE; SVGKIHFFKMEVVS; SVSVIHFFKAPAAI; TAGFEPVVIENVLEGDELRT; TLDISNNRLESLPAH; VHFFKNIVTPRTP; YKHKIHFFKNEVLE"
